actor_id,name
a0,Actor 0
a1,Actor 1
a2,Actor 2
a3,Actor 3
a4,Actor 4
a5,Actor 5
a6,Actor 6
a7,Actor 7
a8,Actor 8
a9,Actor 9
a10,Actor 10
a11,Actor 11
a12,Actor 12
a13,Actor 13
a14,Actor 14
a15,Actor 15
a16,Actor 16
a17,Actor 17
a18,Actor 18
a19,Actor 19
a20,Actor 20
a21,Actor 21
a22,Actor 22
a23,Actor 23
a24,Actor 24
a25,Actor 25
a26,Actor 26
a27,Actor 27
a28,Actor 28
a29,Actor 29
a30,Actor 30
a31,Actor 31
a32,Actor 32
a33,Actor 33
a34,Actor 34
a35,Actor 35
a36,Actor 36
a37,Actor 37
a38,Actor 38
a39,Actor 39
a40,Actor 40
a41,Actor 41
a42,Actor 42
a43,Actor 43
a44,Actor 44
a45,Actor 45
a46,Actor 46
a47,Actor 47
a48,Actor 48
a49,Actor 49
a50,Actor 50
a51,Actor 51
a52,Actor 52
a53,Actor 53
a54,Actor 54
a55,Actor 55
a56,Actor 56
a57,Actor 57
a58,Actor 58
a59,Actor 59
a60,Actor 60
a61,Actor 61
a62,Actor 62
a63,Actor 63
a64,Actor 64
a65,Actor 65
a66,Actor 66
a67,Actor 67
a68,Actor 68
a69,Actor 69
a70,Actor 70
a71,Actor 71
a72,Actor 72
a73,Actor 73
a74,Actor 74
a75,Actor 75
a76,Actor 76
a77,Actor 77
a78,Actor 78
a79,Actor 79
a80,Actor 80
a81,Actor 81
a82,Actor 82
a83,Actor 83
a84,Actor 84
a85,Actor 85
a86,Actor 86
a87,Actor 87
a88,Actor 88
a89,Actor 89
a90,Actor 90
a91,Actor 91
a92,Actor 92
a93,Actor 93
a94,Actor 94
a95,Actor 95
a96,Actor 96
a97,Actor 97
a98,Actor 98
a99,Actor 99
a100,Actor 100
a101,Actor 101
a102,Actor 102
a103,Actor 103
a104,Actor 104
a105,Actor 105
a106,Actor 106
a107,Actor 107
a108,Actor 108
a109,Actor 109
a110,Actor 110
a111,Actor 111
a112,Actor 112
a113,Actor 113
a114,Actor 114
a115,Actor 115
a116,Actor 116
a117,Actor 117
a118,Actor 118
a119,Actor 119
a120,Actor 120
a121,Actor 121
a122,Actor 122
a123,Actor 123
a124,Actor 124
a125,Actor 125
a126,Actor 126
a127,Actor 127
a128,Actor 128
a129,Actor 129
a130,Actor 130
a131,Actor 131
a132,Actor 132
a133,Actor 133
a134,Actor 134
a135,Actor 135
a136,Actor 136
a137,Actor 137
a138,Actor 138
a139,Actor 139
a140,Actor 140
a141,Actor 141
a142,Actor 142
a143,Actor 143
a144,Actor 144
a145,Actor 145
a146,Actor 146
a147,Actor 147
a148,Actor 148
a149,Actor 149
