director_id,name
d0,Director 0
d1,Director 1
d2,Director 2
d3,Director 3
d4,Director 4
d5,Director 5
d6,Director 6
d7,Director 7
d8,Director 8
d9,Director 9
d10,Director 10
d11,Director 11
d12,Director 12
d13,Director 13
d14,Director 14
d15,Director 15
d16,Director 16
d17,Director 17
d18,Director 18
d19,Director 19
d20,Director 20
d21,Director 21
d22,Director 22
d23,Director 23
d24,Director 24
d25,Director 25
d26,Director 26
d27,Director 27
d28,Director 28
d29,Director 29
d30,Director 30
d31,Director 31
d32,Director 32
d33,Director 33
d34,Director 34
d35,Director 35
d36,Director 36
d37,Director 37
d38,Director 38
d39,Director 39
