movie_id,title
m0,Movie 0
m1,Movie 1
m2,Movie 2
m3,Movie 3
m4,Movie 4
m5,Movie 5
m6,Movie 6
m7,Movie 7
m8,Movie 8
m9,Movie 9
m10,Movie 10
m11,Movie 11
m12,Movie 12
m13,Movie 13
m14,Movie 14
m15,Movie 15
m16,Movie 16
m17,Movie 17
m18,Movie 18
m19,Movie 19
m20,Movie 20
m21,Movie 21
m22,Movie 22
m23,Movie 23
m24,Movie 24
m25,Movie 25
m26,Movie 26
m27,Movie 27
m28,Movie 28
m29,Movie 29
m30,Movie 30
m31,Movie 31
m32,Movie 32
m33,Movie 33
m34,Movie 34
m35,Movie 35
m36,Movie 36
m37,Movie 37
m38,Movie 38
m39,Movie 39
m40,Movie 40
m41,Movie 41
m42,Movie 42
m43,Movie 43
m44,Movie 44
m45,Movie 45
m46,Movie 46
m47,Movie 47
m48,Movie 48
m49,Movie 49
m50,Movie 50
m51,Movie 51
m52,Movie 52
m53,Movie 53
m54,Movie 54
m55,Movie 55
m56,Movie 56
m57,Movie 57
m58,Movie 58
m59,Movie 59
m60,Movie 60
m61,Movie 61
m62,Movie 62
m63,Movie 63
m64,Movie 64
m65,Movie 65
m66,Movie 66
m67,Movie 67
m68,Movie 68
m69,Movie 69
m70,Movie 70
m71,Movie 71
m72,Movie 72
m73,Movie 73
m74,Movie 74
m75,Movie 75
m76,Movie 76
m77,Movie 77
m78,Movie 78
m79,Movie 79
m80,Movie 80
m81,Movie 81
m82,Movie 82
m83,Movie 83
m84,Movie 84
m85,Movie 85
m86,Movie 86
m87,Movie 87
m88,Movie 88
m89,Movie 89
m90,Movie 90
m91,Movie 91
m92,Movie 92
m93,Movie 93
m94,Movie 94
m95,Movie 95
m96,Movie 96
m97,Movie 97
m98,Movie 98
m99,Movie 99
m100,Movie 100
m101,Movie 101
m102,Movie 102
m103,Movie 103
m104,Movie 104
m105,Movie 105
m106,Movie 106
m107,Movie 107
m108,Movie 108
m109,Movie 109
m110,Movie 110
m111,Movie 111
m112,Movie 112
m113,Movie 113
m114,Movie 114
m115,Movie 115
m116,Movie 116
m117,Movie 117
m118,Movie 118
m119,Movie 119
m120,Movie 120
m121,Movie 121
m122,Movie 122
m123,Movie 123
m124,Movie 124
m125,Movie 125
m126,Movie 126
m127,Movie 127
m128,Movie 128
m129,Movie 129
m130,Movie 130
m131,Movie 131
m132,Movie 132
m133,Movie 133
m134,Movie 134
m135,Movie 135
m136,Movie 136
m137,Movie 137
m138,Movie 138
m139,Movie 139
m140,Movie 140
m141,Movie 141
m142,Movie 142
m143,Movie 143
m144,Movie 144
m145,Movie 145
m146,Movie 146
m147,Movie 147
m148,Movie 148
m149,Movie 149
m150,Movie 150
m151,Movie 151
m152,Movie 152
m153,Movie 153
m154,Movie 154
m155,Movie 155
m156,Movie 156
m157,Movie 157
m158,Movie 158
m159,Movie 159
m160,Movie 160
m161,Movie 161
m162,Movie 162
m163,Movie 163
m164,Movie 164
m165,Movie 165
m166,Movie 166
m167,Movie 167
m168,Movie 168
m169,Movie 169
m170,Movie 170
m171,Movie 171
m172,Movie 172
m173,Movie 173
m174,Movie 174
m175,Movie 175
m176,Movie 176
m177,Movie 177
m178,Movie 178
m179,Movie 179
m180,Movie 180
m181,Movie 181
m182,Movie 182
m183,Movie 183
m184,Movie 184
m185,Movie 185
m186,Movie 186
m187,Movie 187
m188,Movie 188
m189,Movie 189
m190,Movie 190
m191,Movie 191
m192,Movie 192
m193,Movie 193
m194,Movie 194
m195,Movie 195
m196,Movie 196
m197,Movie 197
m198,Movie 198
m199,Movie 199
m200,Movie 200
m201,Movie 201
m202,Movie 202
m203,Movie 203
m204,Movie 204
m205,Movie 205
m206,Movie 206
m207,Movie 207
m208,Movie 208
m209,Movie 209
m210,Movie 210
m211,Movie 211
m212,Movie 212
m213,Movie 213
m214,Movie 214
m215,Movie 215
m216,Movie 216
m217,Movie 217
m218,Movie 218
m219,Movie 219
m220,Movie 220
m221,Movie 221
m222,Movie 222
m223,Movie 223
m224,Movie 224
m225,Movie 225
m226,Movie 226
m227,Movie 227
m228,Movie 228
m229,Movie 229
m230,Movie 230
m231,Movie 231
m232,Movie 232
m233,Movie 233
m234,Movie 234
m235,Movie 235
m236,Movie 236
m237,Movie 237
m238,Movie 238
m239,Movie 239
m240,Movie 240
m241,Movie 241
m242,Movie 242
m243,Movie 243
m244,Movie 244
m245,Movie 245
m246,Movie 246
m247,Movie 247
m248,Movie 248
m249,Movie 249
m250,Movie 250
m251,Movie 251
m252,Movie 252
m253,Movie 253
m254,Movie 254
m255,Movie 255
m256,Movie 256
m257,Movie 257
m258,Movie 258
m259,Movie 259
m260,Movie 260
m261,Movie 261
m262,Movie 262
m263,Movie 263
m264,Movie 264
m265,Movie 265
m266,Movie 266
m267,Movie 267
m268,Movie 268
m269,Movie 269
m270,Movie 270
m271,Movie 271
m272,Movie 272
m273,Movie 273
m274,Movie 274
m275,Movie 275
m276,Movie 276
m277,Movie 277
m278,Movie 278
m279,Movie 279
m280,Movie 280
m281,Movie 281
m282,Movie 282
m283,Movie 283
m284,Movie 284
m285,Movie 285
m286,Movie 286
m287,Movie 287
m288,Movie 288
m289,Movie 289
m290,Movie 290
m291,Movie 291
m292,Movie 292
m293,Movie 293
m294,Movie 294
m295,Movie 295
m296,Movie 296
m297,Movie 297
m298,Movie 298
m299,Movie 299
